id,source_identifier,item_type,suggested_labels,final_labels,confidence,review_status,description,content_text,image_path,uncertainty_reasons,created_at,updated_at
478d1d68-ae2a-48d5-865f-4b97f97a62a5,Cardiology clinic discharge notes summary,text,"Cardiology, Clinical Medicine, Pharmacotherapy","Cardiology, Internal Medicine, Outpatient Care",0.96,Approved,Clinical outpatient notes detailing cardiovascular examination and medication order.,The patient presented with elevated systolic pressure and mild dyspnea on exertion. EKG revealed normal sinus rhythm with no ischemic ST abnormalities. Prescribed 10mg amlodipine daily.,,,2026-10-09T09:11:34.068586Z,2026-10-09T09:11:34.068586Z
2c71554f-a9e7-47a9-bf45-271ce5b906f5,demo_golden_retriever.jpg,image,"Golden Retriever, Dog, Canine, Outdoor","Golden Retriever, Dog, Domestic Pet",0.94,Approved,A well-lit photograph of a golden retriever sitting on grass.,,C:\Users\nprhp\Desktop\dataset lable agentic project 1\data\uploads\demo_golden_retriever.jpg,,2026-10-09T09:11:34.038580Z,2026-10-09T09:11:34.038580Z
565c2006-6e84-4d12-be22-346105ff6512,Cardiology clinic discharge notes summary,text,"Cardiology, Clinical Medicine, Pharmacotherapy","Cardiology, Internal Medicine, Outpatient Care",0.96,Approved,Clinical outpatient notes detailing cardiovascular examination and medication order.,The patient presented with elevated systolic pressure and mild dyspnea on exertion. EKG revealed normal sinus rhythm with no ischemic ST abnormalities. Prescribed 10mg amlodipine daily.,,,2026-10-09T09:11:33.700362Z,2026-10-09T09:11:33.700362Z
cf55efdf-3c3b-409a-a354-cbe2f5060a10,demo_golden_retriever.jpg,image,"Golden Retriever, Dog, Canine, Outdoor","Golden Retriever, Dog, Domestic Pet",0.94,Approved,A well-lit photograph of a golden retriever sitting on grass.,,C:\Users\nprhp\Desktop\dataset lable agentic project 1\data\uploads\demo_golden_retriever.jpg,,2026-10-09T09:11:33.667848Z,2026-10-09T09:11:33.667848Z
b22fbd5a-8462-424b-be07-a01a5821554f,Cardiology clinic discharge notes summary,text,"Cardiology, Clinical Medicine, Pharmacotherapy","Cardiology, Internal Medicine, Outpatient Care",0.96,Approved,Clinical outpatient notes detailing cardiovascular examination and medication order.,The patient presented with elevated systolic pressure and mild dyspnea on exertion. EKG revealed normal sinus rhythm with no ischemic ST abnormalities. Prescribed 10mg amlodipine daily.,,,2026-10-09T09:11:33.381328Z,2026-10-09T09:11:33.381328Z
75241460-b2f4-43dc-858f-8a5e57d2e8d1,demo_golden_retriever.jpg,image,"Golden Retriever, Dog, Canine, Outdoor","Golden Retriever, Dog, Domestic Pet",0.94,Approved,A well-lit photograph of a golden retriever sitting on grass.,,C:\Users\nprhp\Desktop\dataset lable agentic project 1\data\uploads\demo_golden_retriever.jpg,,2026-10-09T09:11:33.350526Z,2026-10-09T09:11:33.350526Z
acffc6d6-5084-4c1e-89aa-9a0d86f99de1,Cardiology clinic discharge notes summary,text,"Cardiology, Clinical Medicine, Pharmacotherapy","Cardiology, Internal Medicine, Outpatient Care",0.96,Approved,Clinical outpatient notes detailing cardiovascular examination and medication order.,The patient presented with elevated systolic pressure and mild dyspnea on exertion. EKG revealed normal sinus rhythm with no ischemic ST abnormalities. Prescribed 10mg amlodipine daily.,,,2026-10-09T09:11:33.091648Z,2026-10-09T09:11:33.091648Z
c12fbd98-acfe-41cc-9af0-36f46c267508,demo_golden_retriever.jpg,image,"Golden Retriever, Dog, Canine, Outdoor","Golden Retriever, Dog, Domestic Pet",0.94,Approved,A well-lit photograph of a golden retriever sitting on grass.,,C:\Users\nprhp\Desktop\dataset lable agentic project 1\data\uploads\demo_golden_retriever.jpg,,2026-10-09T09:11:33.058660Z,2026-10-09T09:11:33.058660Z
dacc623b-f037-40bf-96d9-b4ab0876c79a,Cardiology clinic discharge notes summary,text,"Cardiology, Clinical Medicine, Pharmacotherapy","Cardiology, Internal Medicine, Outpatient Care",0.96,Approved,Clinical outpatient notes detailing cardiovascular examination and medication order.,The patient presented with elevated systolic pressure and mild dyspnea on exertion. EKG revealed normal sinus rhythm with no ischemic ST abnormalities. Prescribed 10mg amlodipine daily.,,,2026-10-09T09:11:32.802682Z,2026-10-09T09:11:32.802682Z
f0ccd3e8-5f5b-432c-a0d6-1f41d759a8a7,demo_golden_retriever.jpg,image,"Golden Retriever, Dog, Canine, Outdoor","Golden Retriever, Dog, Domestic Pet",0.94,Approved,A well-lit photograph of a golden retriever sitting on grass.,,C:\Users\nprhp\Desktop\dataset lable agentic project 1\data\uploads\demo_golden_retriever.jpg,,2026-10-09T09:11:32.765223Z,2026-10-09T09:11:32.765223Z
9267ffdc-711a-45b5-8112-c635d84dd22f,Cardiology clinic discharge notes summary,text,"Cardiology, Clinical Medicine, Pharmacotherapy","Cardiology, Internal Medicine, Outpatient Care",0.96,Approved,Clinical outpatient notes detailing cardiovascular examination and medication order.,The patient presented with elevated systolic pressure and mild dyspnea on exertion. EKG revealed normal sinus rhythm with no ischemic ST abnormalities. Prescribed 10mg amlodipine daily.,,,2026-10-09T09:11:32.623948Z,2026-10-09T09:11:32.623948Z
47102ea3-71ca-475b-8164-ec8e59eab1e3,demo_golden_retriever.jpg,image,"Golden Retriever, Dog, Canine, Outdoor","Golden Retriever, Dog, Domestic Pet",0.94,Approved,A well-lit photograph of a golden retriever sitting on grass.,,C:\Users\nprhp\Desktop\dataset lable agentic project 1\data\uploads\demo_golden_retriever.jpg,,2026-10-09T09:11:32.592268Z,2026-10-09T09:11:32.592268Z
1cb17a0d-5b91-49be-876f-6c5f7633d064,Cardiology clinic discharge notes summary,text,"Cardiology, Clinical Medicine, Pharmacotherapy","Cardiology, Internal Medicine, Outpatient Care",0.96,Approved,Clinical outpatient notes detailing cardiovascular examination and medication order.,The patient presented with elevated systolic pressure and mild dyspnea on exertion. EKG revealed normal sinus rhythm with no ischemic ST abnormalities. Prescribed 10mg amlodipine daily.,,,2026-10-09T09:11:32.410953Z,2026-10-09T09:11:32.410953Z
dc1ad7fc-e369-4456-b191-2244cb39a8ad,demo_golden_retriever.jpg,image,"Golden Retriever, Dog, Canine, Outdoor","Golden Retriever, Dog, Domestic Pet",0.94,Approved,A well-lit photograph of a golden retriever sitting on grass.,,C:\Users\nprhp\Desktop\dataset lable agentic project 1\data\uploads\demo_golden_retriever.jpg,,2026-10-09T09:11:32.383953Z,2026-10-09T09:11:32.383953Z
4559d1b7-d5f1-4a96-8d72-f4df860f7021,Cardiology clinic discharge notes summary,text,"Cardiology, Clinical Medicine, Pharmacotherapy","Cardiology, Internal Medicine, Outpatient Care",0.96,Approved,Clinical outpatient notes detailing cardiovascular examination and medication order.,The patient presented with elevated systolic pressure and mild dyspnea on exertion. EKG revealed normal sinus rhythm with no ischemic ST abnormalities. Prescribed 10mg amlodipine daily.,,,2026-10-09T09:11:32.184675Z,2026-10-09T09:11:32.184675Z
01001e17-54d8-44a2-9d2f-380dc2b556a2,demo_golden_retriever.jpg,image,"Golden Retriever, Dog, Canine, Outdoor","Golden Retriever, Dog, Domestic Pet",0.94,Approved,A well-lit photograph of a golden retriever sitting on grass.,,C:\Users\nprhp\Desktop\dataset lable agentic project 1\data\uploads\demo_golden_retriever.jpg,,2026-10-09T09:11:32.151555Z,2026-10-09T09:11:32.151555Z
dbe99ef2-0ef0-432c-a222-fd888775a0bf,Cardiology clinic discharge notes summary,text,"Cardiology, Clinical Medicine, Pharmacotherapy","Cardiology, Internal Medicine, Outpatient Care",0.96,Approved,Clinical outpatient notes detailing cardiovascular examination and medication order.,The patient presented with elevated systolic pressure and mild dyspnea on exertion. EKG revealed normal sinus rhythm with no ischemic ST abnormalities. Prescribed 10mg amlodipine daily.,,,2026-10-09T09:11:31.936938Z,2026-10-09T09:11:31.936938Z
d424ddfe-c10c-48e5-b602-703134563b9e,demo_golden_retriever.jpg,image,"Golden Retriever, Dog, Canine, Outdoor","Golden Retriever, Dog, Domestic Pet",0.94,Approved,A well-lit photograph of a golden retriever sitting on grass.,,C:\Users\nprhp\Desktop\dataset lable agentic project 1\data\uploads\demo_golden_retriever.jpg,,2026-10-09T09:11:31.903836Z,2026-10-09T09:11:31.903836Z
a2280793-5172-4572-bcf2-d7e04f22d5c9,Cardiology clinic discharge notes summary,text,"Cardiology, Clinical Medicine, Pharmacotherapy","Cardiology, Internal Medicine, Outpatient Care",0.96,Approved,Clinical outpatient notes detailing cardiovascular examination and medication order.,The patient presented with elevated systolic pressure and mild dyspnea on exertion. EKG revealed normal sinus rhythm with no ischemic ST abnormalities. Prescribed 10mg amlodipine daily.,,,2026-10-09T09:11:31.458674Z,2026-10-09T09:11:31.458674Z
db155ab5-2e6e-4e6a-8254-7d66e3b8dfbd,demo_golden_retriever.jpg,image,"Golden Retriever, Dog, Canine, Outdoor","Golden Retriever, Dog, Domestic Pet",0.94,Approved,A well-lit photograph of a golden retriever sitting on grass.,,C:\Users\nprhp\Desktop\dataset lable agentic project 1\data\uploads\demo_golden_retriever.jpg,,2026-10-09T09:11:31.426661Z,2026-10-09T09:11:31.426661Z
b79987ab-28c2-47fc-99ae-6b73a3e9289a,Cardiology clinic discharge notes summary,text,"Cardiology, Clinical Medicine, Pharmacotherapy","Cardiology, Internal Medicine, Outpatient Care",0.96,Approved,Clinical outpatient notes detailing cardiovascular examination and medication order.,The patient presented with elevated systolic pressure and mild dyspnea on exertion. EKG revealed normal sinus rhythm with no ischemic ST abnormalities. Prescribed 10mg amlodipine daily.,,,2026-10-09T09:11:31.142791Z,2026-10-09T09:11:31.142791Z
f1398908-d397-4d35-995b-bce0e98f53d6,demo_golden_retriever.jpg,image,"Golden Retriever, Dog, Canine, Outdoor","Golden Retriever, Dog, Domestic Pet",0.94,Approved,A well-lit photograph of a golden retriever sitting on grass.,,C:\Users\nprhp\Desktop\dataset lable agentic project 1\data\uploads\demo_golden_retriever.jpg,,2026-10-09T09:11:31.111578Z,2026-10-09T09:11:31.111578Z
afa8ff22-92d2-4800-b3ec-d8c284f4192e,Cardiology clinic discharge notes summary,text,"Cardiology, Clinical Medicine, Pharmacotherapy","Cardiology, Internal Medicine, Outpatient Care",0.96,Approved,Clinical outpatient notes detailing cardiovascular examination and medication order.,The patient presented with elevated systolic pressure and mild dyspnea on exertion. EKG revealed normal sinus rhythm with no ischemic ST abnormalities. Prescribed 10mg amlodipine daily.,,,2026-10-09T09:11:30.854185Z,2026-10-09T09:11:30.854185Z
fd83ab01-0175-4ad8-bbe3-e1a77cb20aa8,demo_golden_retriever.jpg,image,"Golden Retriever, Dog, Canine, Outdoor","Golden Retriever, Dog, Domestic Pet",0.94,Approved,A well-lit photograph of a golden retriever sitting on grass.,,C:\Users\nprhp\Desktop\dataset lable agentic project 1\data\uploads\demo_golden_retriever.jpg,,2026-10-09T09:11:30.826185Z,2026-10-09T09:11:30.826185Z
b91242d0-c66e-4fc4-b3a8-a56d6ed7d460,Cardiology clinic discharge notes summary,text,"Cardiology, Clinical Medicine, Pharmacotherapy","Cardiology, Internal Medicine, Outpatient Care",0.96,Approved,Clinical outpatient notes detailing cardiovascular examination and medication order.,The patient presented with elevated systolic pressure and mild dyspnea on exertion. EKG revealed normal sinus rhythm with no ischemic ST abnormalities. Prescribed 10mg amlodipine daily.,,,2026-10-09T09:11:30.563750Z,2026-10-09T09:11:30.563750Z
5519a369-8b99-446b-a632-da13c43849cd,demo_golden_retriever.jpg,image,"Golden Retriever, Dog, Canine, Outdoor","Golden Retriever, Dog, Domestic Pet",0.94,Approved,A well-lit photograph of a golden retriever sitting on grass.,,C:\Users\nprhp\Desktop\dataset lable agentic project 1\data\uploads\demo_golden_retriever.jpg,,2026-10-09T09:11:30.533748Z,2026-10-09T09:11:30.533748Z
825b4bf4-905f-497c-9923-4b5baef84e69,Cardiology clinic discharge notes summary,text,"Cardiology, Clinical Medicine, Pharmacotherapy","Cardiology, Internal Medicine, Outpatient Care",0.96,Approved,Clinical outpatient notes detailing cardiovascular examination and medication order.,The patient presented with elevated systolic pressure and mild dyspnea on exertion. EKG revealed normal sinus rhythm with no ischemic ST abnormalities. Prescribed 10mg amlodipine daily.,,,2026-10-09T09:11:30.263225Z,2026-10-09T09:11:30.263225Z
9afe92f8-387b-4be0-866b-b30549d1132a,demo_golden_retriever.jpg,image,"Golden Retriever, Dog, Canine, Outdoor","Golden Retriever, Dog, Domestic Pet",0.94,Approved,A well-lit photograph of a golden retriever sitting on grass.,,C:\Users\nprhp\Desktop\dataset lable agentic project 1\data\uploads\demo_golden_retriever.jpg,,2026-10-09T09:11:30.229730Z,2026-10-09T09:11:30.229730Z
3dfa1f99-b371-4556-84a3-d9393c31dd87,Cardiology clinic discharge notes summary,text,"Cardiology, Clinical Medicine, Pharmacotherapy","Cardiology, Internal Medicine, Outpatient Care",0.96,Approved,Clinical outpatient notes detailing cardiovascular examination and medication order.,The patient presented with elevated systolic pressure and mild dyspnea on exertion. EKG revealed normal sinus rhythm with no ischemic ST abnormalities. Prescribed 10mg amlodipine daily.,,,2026-10-09T09:11:29.777483Z,2026-10-09T09:11:29.777483Z
03c7082b-ea02-4332-a7d6-8f3bcb14fa33,demo_golden_retriever.jpg,image,"Golden Retriever, Dog, Canine, Outdoor","Golden Retriever, Dog, Domestic Pet",0.94,Approved,A well-lit photograph of a golden retriever sitting on grass.,,C:\Users\nprhp\Desktop\dataset lable agentic project 1\data\uploads\demo_golden_retriever.jpg,,2026-10-09T09:11:29.742813Z,2026-10-09T09:11:29.742813Z
8187bdff-2300-47c2-acc5-39670be34891,Cardiology clinic discharge notes summary,text,"Cardiology, Clinical Medicine, Pharmacotherapy","Cardiology, Internal Medicine, Outpatient Care",0.96,Approved,Clinical outpatient notes detailing cardiovascular examination and medication order.,The patient presented with elevated systolic pressure and mild dyspnea on exertion. EKG revealed normal sinus rhythm with no ischemic ST abnormalities. Prescribed 10mg amlodipine daily.,,,2026-10-09T09:11:29.085399Z,2026-10-09T09:11:29.085399Z
5692d2ce-d046-40ed-ba6e-a1f0e2a269ac,demo_golden_retriever.jpg,image,"Golden Retriever, Dog, Canine, Outdoor","Golden Retriever, Dog, Domestic Pet",0.94,Approved,A well-lit photograph of a golden retriever sitting on grass.,,C:\Users\nprhp\Desktop\dataset lable agentic project 1\data\uploads\demo_golden_retriever.jpg,,2026-10-09T09:11:29.054871Z,2026-10-09T09:11:29.054871Z
313ca4f4-3cd0-4024-9c4f-5a3b83647e82,Cardiology clinic discharge notes summary,text,"Cardiology, Clinical Medicine, Pharmacotherapy","Cardiology, Internal Medicine, Outpatient Care",0.96,Approved,Clinical outpatient notes detailing cardiovascular examination and medication order.,The patient presented with elevated systolic pressure and mild dyspnea on exertion. EKG revealed normal sinus rhythm with no ischemic ST abnormalities. Prescribed 10mg amlodipine daily.,,,2026-10-09T09:11:28.188582Z,2026-10-09T09:11:28.188582Z
31223792-abdd-4284-acd7-c9902d9d80dc,demo_golden_retriever.jpg,image,"Golden Retriever, Dog, Canine, Outdoor","Golden Retriever, Dog, Domestic Pet",0.94,Approved,A well-lit photograph of a golden retriever sitting on grass.,,C:\Users\nprhp\Desktop\dataset lable agentic project 1\data\uploads\demo_golden_retriever.jpg,,2026-10-09T09:11:28.151027Z,2026-10-09T09:11:28.151027Z
5b13d919-bedc-42fe-bf9c-94be1e593463,Cardiology clinic discharge notes summary,text,"Cardiology, Clinical Medicine, Pharmacotherapy","Cardiology, Internal Medicine, Outpatient Care",0.96,Approved,Clinical outpatient notes detailing cardiovascular examination and medication order.,The patient presented with elevated systolic pressure and mild dyspnea on exertion. EKG revealed normal sinus rhythm with no ischemic ST abnormalities. Prescribed 10mg amlodipine daily.,,,2026-10-09T09:11:26.649476Z,2026-10-09T09:11:26.649476Z
e1d7f6ed-9ee1-4fb5-835f-3d3e5e9e2776,demo_golden_retriever.jpg,image,"Golden Retriever, Dog, Canine, Outdoor","Golden Retriever, Dog, Domestic Pet",0.94,Approved,A well-lit photograph of a golden retriever sitting on grass.,,C:\Users\nprhp\Desktop\dataset lable agentic project 1\data\uploads\demo_golden_retriever.jpg,,2026-10-09T09:11:26.615696Z,2026-10-09T09:11:26.615696Z
57c527bd-3ecc-4e52-bc61-a5b99ea3c6ed,Cardiology clinic discharge notes summary,text,"Cardiology, Clinical Medicine, Pharmacotherapy","Cardiology, Internal Medicine, Outpatient Care",0.96,Approved,Clinical outpatient notes detailing cardiovascular examination and medication order.,The patient presented with elevated systolic pressure and mild dyspnea on exertion. EKG revealed normal sinus rhythm with no ischemic ST abnormalities. Prescribed 10mg amlodipine daily.,,,2026-10-09T09:11:25.252081Z,2026-10-09T09:11:25.252081Z
07b4293c-a168-40c6-8c14-0b07684bd27c,demo_golden_retriever.jpg,image,"Golden Retriever, Dog, Canine, Outdoor","Golden Retriever, Dog, Domestic Pet",0.94,Approved,A well-lit photograph of a golden retriever sitting on grass.,,C:\Users\nprhp\Desktop\dataset lable agentic project 1\data\uploads\demo_golden_retriever.jpg,,2026-10-09T09:11:25.217504Z,2026-10-09T09:11:25.217504Z
be251ecb-40fb-4a9c-ab6e-9040e3e14a92,Cardiology clinic discharge notes summary,text,"Cardiology, Clinical Medicine, Pharmacotherapy","Cardiology, Internal Medicine, Outpatient Care",0.96,Approved,Clinical outpatient notes detailing cardiovascular examination and medication order.,The patient presented with elevated systolic pressure and mild dyspnea on exertion. EKG revealed normal sinus rhythm with no ischemic ST abnormalities. Prescribed 10mg amlodipine daily.,,,2026-10-09T08:19:30.648480Z,2026-10-09T08:19:30.648480Z
1555b5f3-bf19-48cd-b1a3-a42e97956171,demo_golden_retriever.jpg,image,"Golden Retriever, Dog, Canine, Outdoor","Golden Retriever, Dog, Domestic Pet",0.94,Approved,A well-lit photograph of a golden retriever sitting on grass.,,C:\Users\nprhp\Desktop\dataset lable agentic project 1\data\uploads\demo_golden_retriever.jpg,,2026-10-09T08:19:30.623950Z,2026-10-09T08:19:30.623950Z
